{
  "baseboard": "d2",
  "npk": 9102,
  "W": 32,
  "D": 3,
  "pkts_per_window": 284,
  "tests_per_window": 568,
  "n_placements": 30,
  "seed": 31,
  "cost": {
    "base": 8,
    "perhop": 16,
    "pool_bytes": 9,
    "pint_bytes": 4,
    "samp_s": 0.125,
    "full_total_bytes": 435728
  },
  "churns": [
    "low",
    "mid",
    "high"
  ],
  "results": {
    "low": {
      "full": {
        "f1_mean": 0.9963194444444444,
        "f1_std": 0.008465673698698734,
        "lat_mean": 0.06388888888888888,
        "bytes_mean": 435728,
        "detect_rate": 1.0
      },
      "samp": {
        "f1_mean": 0.9449305555555556,
        "f1_std": 0.07661538391517161,
        "lat_mean": 0.6172222222222222,
        "bytes_mean": 54201.333333333336,
        "detect_rate": 0.9833333333333333
      },
      "delta": {
        "f1_mean": 0.9963194444444444,
        "f1_std": 0.008465673698698734,
        "lat_mean": 0.06388888888888888,
        "bytes_mean": 178.4,
        "detect_rate": 1.0
      },
      "pint": {
        "f1_mean": 0.9660416666666667,
        "f1_std": 0.03781178259190881,
        "lat_mean": 0.3933333333333333,
        "bytes_mean": 36408,
        "detect_rate": 0.975
      },
      "pool": {
        "f1_mean": 0.9864236111111111,
        "f1_std": 0.021748116359827978,
        "lat_mean": 0.08055555555555555,
        "bytes_mean": 81918,
        "detect_rate": 1.0
      }
    },
    "mid": {
      "full": {
        "f1_mean": 0.9955555555555555,
        "f1_std": 0.012520045655263263,
        "lat_mean": 0.02925925925925926,
        "bytes_mean": 435728,
        "detect_rate": 0.996969696969697
      },
      "samp": {
        "f1_mean": 0.8718055555555555,
        "f1_std": 0.08619392858906759,
        "lat_mean": 0.3456734006734007,
        "bytes_mean": 54201.333333333336,
        "detect_rate": 0.8887337662337662
      },
      "delta": {
        "f1_mean": 0.9955555555555555,
        "f1_std": 0.012520045655263263,
        "lat_mean": 0.02925925925925926,
        "bytes_mean": 474.1333333333333,
        "detect_rate": 0.996969696969697
      },
      "pint": {
        "f1_mean": 0.9414930555555555,
        "f1_std": 0.04421387948681604,
        "lat_mean": 0.15118122618122617,
        "bytes_mean": 36408,
        "detect_rate": 0.956516354016354
      },
      "pool": {
        "f1_mean": 0.9889583333333334,
        "f1_std": 0.015840184921058632,
        "lat_mean": 0.05226430976430976,
        "bytes_mean": 81918,
        "detect_rate": 0.9936363636363637
      }
    },
    "high": {
      "full": {
        "f1_mean": 0.9945138888888889,
        "f1_std": 0.010547557276742928,
        "lat_mean": 0.010364061864061865,
        "bytes_mean": 435728,
        "detect_rate": 0.9936135423573617
      },
      "samp": {
        "f1_mean": 0.7989930555555556,
        "f1_std": 0.09839256518988142,
        "lat_mean": 0.11853028208765026,
        "bytes_mean": 54201.333333333336,
        "detect_rate": 0.8385607372319751
      },
      "delta": {
        "f1_mean": 0.9945138888888889,
        "f1_std": 0.010547557276742928,
        "lat_mean": 0.010364061864061865,
        "bytes_mean": 1178.1333333333334,
        "detect_rate": 0.9936135423573617
      },
      "pint": {
        "f1_mean": 0.8754861111111111,
        "f1_std": 0.07778710881527547,
        "lat_mean": 0.08565097259885701,
        "bytes_mean": 36408,
        "detect_rate": 0.8841652567870929
      },
      "pool": {
        "f1_mean": 0.9782638888888889,
        "f1_std": 0.031067445174834677,
        "lat_mean": 0.01846105987410335,
        "bytes_mean": 81918,
        "detect_rate": 0.9840689758127951
      }
    }
  }
}