{
  "baseboard": "d2",
  "npk": 9102,
  "W": 32,
  "D": 3,
  "churn": 0.2,
  "n_placements": 30,
  "loss_seeds": 20,
  "qs": [
    0.0,
    0.05,
    0.1,
    0.2
  ],
  "refresh_Ps": [
    8,
    4,
    2
  ],
  "cost": {
    "base": 8,
    "perhop": 16,
    "pool_bytes": 9
  },
  "results": {
    "0.00": {
      "delta_O": {
        "f1_mean": 0.9961111111111112,
        "f1_std": 0.01030121202266037,
        "lat_mean": 0.029234006734006734,
        "detect_rate": 0.9962962962962963,
        "bytes_mean": 488.53333333333336
      },
      "delta_E_P8": {
        "f1_mean": 0.9961111111111112,
        "f1_std": 0.01030121202266037,
        "lat_mean": 0.029234006734006734,
        "detect_rate": 0.9962962962962963,
        "bytes_mean": 5890.4
      },
      "delta_E_P4": {
        "f1_mean": 0.9961111111111112,
        "f1_std": 0.01030121202266037,
        "lat_mean": 0.029234006734006734,
        "detect_rate": 0.9962962962962963,
        "bytes_mean": 12138.4
      },
      "delta_E_P2": {
        "f1_mean": 0.9961111111111112,
        "f1_std": 0.01030121202266037,
        "lat_mean": 0.029234006734006734,
        "detect_rate": 0.9962962962962963,
        "bytes_mean": 25478.4
      },
      "pool": {
        "f1_mean": 0.9843055555555555,
        "f1_std": 0.017244609105743065,
        "lat_mean": 0.04503885003885004,
        "detect_rate": 0.9872486772486773,
        "bytes_mean": 81918
      }
    },
    "0.05": {
      "delta_O": {
        "f1_mean": 0.9358090277777777,
        "f1_std": 0.08973683627918569,
        "lat_mean": 0.028295514670514672,
        "detect_rate": 0.9478571798571799,
        "bytes_mean": 488.53333333333336
      },
      "delta_E_P8": {
        "f1_mean": 0.9635434027777778,
        "f1_std": 0.045717479016355644,
        "lat_mean": 0.07377688052688053,
        "detect_rate": 0.9685704480704481,
        "bytes_mean": 5890.4
      },
      "delta_E_P4": {
        "f1_mean": 0.9795868055555556,
        "f1_std": 0.026495162241491035,
        "lat_mean": 0.061033864283864286,
        "detect_rate": 0.9804284419284419,
        "bytes_mean": 12138.4
      },
      "delta_E_P2": {
        "f1_mean": 0.9901753472222222,
        "f1_std": 0.01492816508237563,
        "lat_mean": 0.047128570503570506,
        "detect_rate": 0.9906729011729012,
        "bytes_mean": 25478.4
      },
      "pool": {
        "f1_mean": 0.9816284722222223,
        "f1_std": 0.01976015370097777,
        "lat_mean": 0.0514718660968661,
        "detect_rate": 0.9872486772486773,
        "bytes_mean": 77821.77
      }
    },
    "0.10": {
      "delta_O": {
        "f1_mean": 0.8840295138888888,
        "f1_std": 0.1145090273455741,
        "lat_mean": 0.027396043771043772,
        "detect_rate": 0.9043597236097236,
        "bytes_mean": 488.53333333333336
      },
      "delta_E_P8": {
        "f1_mean": 0.9350295138888889,
        "f1_std": 0.059304967810929324,
        "lat_mean": 0.13428313353313354,
        "detect_rate": 0.9456559551559551,
        "bytes_mean": 5890.4
      },
      "delta_E_P4": {
        "f1_mean": 0.9632586805555555,
        "f1_std": 0.037373308325951815,
        "lat_mean": 0.10239165464165464,
        "detect_rate": 0.9695740833240833,
        "bytes_mean": 12138.4
      },
      "delta_E_P2": {
        "f1_mean": 0.9832586805555555,
        "f1_std": 0.01839763022543513,
        "lat_mean": 0.055688260813260816,
        "detect_rate": 0.985546337921338,
        "bytes_mean": 25478.4
      },
      "pool": {
        "f1_mean": 0.9801545138888889,
        "f1_std": 0.020891732313192787,
        "lat_mean": 0.05401495726495727,
        "detect_rate": 0.9864363876863876,
        "bytes_mean": 73704.3
      }
    },
    "0.20": {
      "delta_O": {
        "f1_mean": 0.7895659722222222,
        "f1_std": 0.13232768151319146,
        "lat_mean": 0.026714526214526215,
        "detect_rate": 0.8184156399156399,
        "bytes_mean": 488.53333333333336
      },
      "delta_E_P8": {
        "f1_mean": 0.886515625,
        "f1_std": 0.07915717670870806,
        "lat_mean": 0.23602135827135826,
        "detect_rate": 0.8999264624264625,
        "bytes_mean": 5890.4
      },
      "delta_E_P4": {
        "f1_mean": 0.9302413194444444,
        "f1_std": 0.05165578679573004,
        "lat_mean": 0.18971299996299995,
        "detect_rate": 0.9383598068598069,
        "bytes_mean": 12138.4
      },
      "delta_E_P2": {
        "f1_mean": 0.9690590277777777,
        "f1_std": 0.02524056684774581,
        "lat_mean": 0.10070439745439745,
        "detect_rate": 0.9691534252784253,
        "bytes_mean": 25478.4
      },
      "pool": {
        "f1_mean": 0.9726267361111111,
        "f1_std": 0.027705021416432662,
        "lat_mean": 0.06786917711917712,
        "detect_rate": 0.9849212361712362,
        "bytes_mean": 65515.695
      }
    }
  }
}